--
-- Script was generated by Devart dbForge Studio 2019 for SQL Server, Version 5.8.127.0
-- Product Home Page: http://www.devart.com/dbforge/sql/studio
-- Script date 1/2/2022 2:24:57 PM
-- Target server version: 15.00.2000
-- Target connection string: Data Source=(local);Encrypt=False;Integrated Security=True;User ID="DESKTOP-UJGB2MI\OXI PC"
--



SET LANGUAGE 'English'
SET DATEFORMAT ymd
SET ARITHABORT, ANSI_PADDING, ANSI_WARNINGS, CONCAT_NULL_YIELDS_NULL, QUOTED_IDENTIFIER, ANSI_NULLS, NOCOUNT ON
SET NUMERIC_ROUNDABORT, IMPLICIT_TRANSACTIONS, XACT_ABORT OFF
GO

--
-- Backing up database QLBanHoa
--
--
-- Create backup folder
--
IF OBJECT_ID('xp_create_subdir') IS NOT NULL
  EXEC xp_create_subdir N'C:\Program Files\Microsoft SQL Server\MSSQL15.MSSQLSERVER\MSSQL\Backup'
--
-- Backup database to the file with the name: <database_name>_<yyyy>_<mm>_<dd>_<hh>_<mi>.bak
--
DECLARE @db_name SYSNAME
SET @db_name = N'QLBanHoa'

DECLARE @filepath NVARCHAR(4000)
SET @filepath =
/*define base part*/ N'C:\Program Files\Microsoft SQL Server\MSSQL15.MSSQLSERVER\MSSQL\Backup\' + @db_name + '_' +
/*append date*/ REPLACE(CONVERT(NVARCHAR(10), GETDATE(), 102), '.', '_') + '_' +
/*append time*/ REPLACE(CONVERT(NVARCHAR(5), GETDATE(), 108), ':', '_') + '.bak'

DECLARE @SQL NVARCHAR(MAX)
SET @SQL = 
    N'BACKUP DATABASE ' + QUOTENAME(@db_name) + ' TO DISK = @filepath WITH INIT' + 
      CASE WHEN EXISTS(
                SELECT value
                FROM sys.configurations
                WHERE name = 'backup compression default'
          )
        THEN ', COMPRESSION'
        ELSE ''
      END

EXEC sys.sp_executesql @SQL, N'@filepath NVARCHAR(4000)', @filepath = @filepath
GO

USE QLBanHoa
GO

IF DB_NAME() <> N'QLBanHoa' SET NOEXEC ON
GO

--
-- Delete data from the table 'dbo.NgayLamViec'
--
TRUNCATE TABLE dbo.NgayLamViec
GO
--
-- Delete data from the table 'dbo.CT_NhapHang'
--
TRUNCATE TABLE dbo.CT_NhapHang
GO
--
-- Delete data from the table 'dbo.CT_HoaDon'
--
TRUNCATE TABLE dbo.CT_HoaDon
GO
--
-- Delete data from the table 'dbo.BangLuong'
--
TRUNCATE TABLE dbo.BangLuong
GO
--
-- Delete data from the table 'dbo.BangGiaSP'
--
TRUNCATE TABLE dbo.BangGiaSP
GO
--
-- Delete data from the table 'dbo.HoaDon'
--
DELETE dbo.HoaDon
GO
--
-- Delete data from the table 'dbo.NhanVien'
--
DELETE dbo.NhanVien
GO
--
-- Delete data from the table 'dbo.KhachHang'
--
DELETE dbo.KhachHang
GO
--
-- Delete data from the table 'dbo.TaiKhoan'
--
DELETE dbo.TaiKhoan
GO
--
-- Delete data from the table 'dbo.SanPham'
--
DELETE dbo.SanPham
GO
--
-- Delete data from the table 'dbo.GiamGia'
--
DELETE dbo.GiamGia
GO
--
-- Delete data from the table 'dbo.DonNhapHang'
--
DELETE dbo.DonNhapHang
GO

--
-- Inserting data into table dbo.DonNhapHang
--
INSERT dbo.DonNhapHang(MaDonNhap, NgayNhap) VALUES (N'DN00000000', '2021-03-10')
INSERT dbo.DonNhapHang(MaDonNhap, NgayNhap) VALUES (N'DN00000001', '2021-04-17')
INSERT dbo.DonNhapHang(MaDonNhap, NgayNhap) VALUES (N'DN00000002', '2021-03-05')
INSERT dbo.DonNhapHang(MaDonNhap, NgayNhap) VALUES (N'DN00000003', '2021-06-16')
INSERT dbo.DonNhapHang(MaDonNhap, NgayNhap) VALUES (N'DN00000004', '2021-05-03')
INSERT dbo.DonNhapHang(MaDonNhap, NgayNhap) VALUES (N'DN00000005', '2021-10-21')
INSERT dbo.DonNhapHang(MaDonNhap, NgayNhap) VALUES (N'DN00000006', '2021-07-25')
INSERT dbo.DonNhapHang(MaDonNhap, NgayNhap) VALUES (N'DN00000007', '2021-07-17')
INSERT dbo.DonNhapHang(MaDonNhap, NgayNhap) VALUES (N'DN00000008', '2021-07-28')
INSERT dbo.DonNhapHang(MaDonNhap, NgayNhap) VALUES (N'DN00000009', '2021-10-19')
GO

--
-- Inserting data into table dbo.GiamGia
--
INSERT dbo.GiamGia(MaGiamGia, LoaiGiamGia, SoTienGiam, PhanTramGiam, NgayHetHan) VALUES (N'QE3T8', 1, 4500, 60, '2021-01-02')
INSERT dbo.GiamGia(MaGiamGia, LoaiGiamGia, SoTienGiam, PhanTramGiam, NgayHetHan) VALUES (N'39T9U', 1, 8000, 30, '2021-12-27')
INSERT dbo.GiamGia(MaGiamGia, LoaiGiamGia, SoTienGiam, PhanTramGiam, NgayHetHan) VALUES (N'Z99T9', 1, 2500, 65, '2021-07-24')
INSERT dbo.GiamGia(MaGiamGia, LoaiGiamGia, SoTienGiam, PhanTramGiam, NgayHetHan) VALUES (N'MF460', 0, 1000, 15, '2021-03-16')
INSERT dbo.GiamGia(MaGiamGia, LoaiGiamGia, SoTienGiam, PhanTramGiam, NgayHetHan) VALUES (N'Y2816', 1, 5000, 65, '2021-02-18')
INSERT dbo.GiamGia(MaGiamGia, LoaiGiamGia, SoTienGiam, PhanTramGiam, NgayHetHan) VALUES (N'I80K6', 1, 4500, 25, '2021-05-20')
INSERT dbo.GiamGia(MaGiamGia, LoaiGiamGia, SoTienGiam, PhanTramGiam, NgayHetHan) VALUES (N'DR1SG', 0, 8500, 10, '2021-03-28')
INSERT dbo.GiamGia(MaGiamGia, LoaiGiamGia, SoTienGiam, PhanTramGiam, NgayHetHan) VALUES (N'7D9M2', 0, 5000, 35, '2021-03-18')
INSERT dbo.GiamGia(MaGiamGia, LoaiGiamGia, SoTienGiam, PhanTramGiam, NgayHetHan) VALUES (N'9VLXN', 1, 3500, 0, '2021-11-23')
INSERT dbo.GiamGia(MaGiamGia, LoaiGiamGia, SoTienGiam, PhanTramGiam, NgayHetHan) VALUES (N'LKT7T', 1, 9000, 65, '2021-02-24')
INSERT dbo.GiamGia(MaGiamGia, LoaiGiamGia, SoTienGiam, PhanTramGiam, NgayHetHan) VALUES (N'H1Z3M', 1, 1500, 50, '2021-05-27')
INSERT dbo.GiamGia(MaGiamGia, LoaiGiamGia, SoTienGiam, PhanTramGiam, NgayHetHan) VALUES (N'15Z1K', 1, 7500, 40, '2021-02-17')
INSERT dbo.GiamGia(MaGiamGia, LoaiGiamGia, SoTienGiam, PhanTramGiam, NgayHetHan) VALUES (N'6U142', 1, 8500, 50, '2021-05-03')
INSERT dbo.GiamGia(MaGiamGia, LoaiGiamGia, SoTienGiam, PhanTramGiam, NgayHetHan) VALUES (N'64H33', 1, 7500, 0, '2021-08-15')
INSERT dbo.GiamGia(MaGiamGia, LoaiGiamGia, SoTienGiam, PhanTramGiam, NgayHetHan) VALUES (N'VOA86', 0, 7500, 30, '2021-01-03')
INSERT dbo.GiamGia(MaGiamGia, LoaiGiamGia, SoTienGiam, PhanTramGiam, NgayHetHan) VALUES (N'3E29F', 0, 9000, 5, '2021-11-28')
INSERT dbo.GiamGia(MaGiamGia, LoaiGiamGia, SoTienGiam, PhanTramGiam, NgayHetHan) VALUES (N'FX360', 1, 5500, 70, '2021-05-06')
INSERT dbo.GiamGia(MaGiamGia, LoaiGiamGia, SoTienGiam, PhanTramGiam, NgayHetHan) VALUES (N'A3F2D', 0, 6000, 40, '2021-06-09')
INSERT dbo.GiamGia(MaGiamGia, LoaiGiamGia, SoTienGiam, PhanTramGiam, NgayHetHan) VALUES (N'X3360', 0, 9500, 45, '2021-06-07')
INSERT dbo.GiamGia(MaGiamGia, LoaiGiamGia, SoTienGiam, PhanTramGiam, NgayHetHan) VALUES (N'70089', 0, 7000, 50, '2021-08-09')
GO

--
-- Inserting data into table dbo.SanPham
--
INSERT dbo.SanPham(MaSP, TenSP, SoLuongTon, LoaiSP, MauSac, ChuDe) VALUES (N'SP00000000', N'Hoa thược dược', 40, N'Hoa Tươi', N'Chàm', N'Đám Cưới')
INSERT dbo.SanPham(MaSP, TenSP, SoLuongTon, LoaiSP, MauSac, ChuDe) VALUES (N'SP00000001', N'Hoa tử đằng', 891, N'Hoa Trồng', N'Lam', N'Tết')
INSERT dbo.SanPham(MaSP, TenSP, SoLuongTon, LoaiSP, MauSac, ChuDe) VALUES (N'SP00000002', N'Hoa tulip', 239, N'Hoa Trồng', N'Tím', N'Ngày của Mẹ')
INSERT dbo.SanPham(MaSP, TenSP, SoLuongTon, LoaiSP, MauSac, ChuDe) VALUES (N'SP00000003', N'Hoa anh đào', 157, N'Bouquet', N'Đỏ', N'Tết')
INSERT dbo.SanPham(MaSP, TenSP, SoLuongTon, LoaiSP, MauSac, ChuDe) VALUES (N'SP00000004', N'Hoa thiên điểu', 554, N'Hoa Tươi', N'Trắng', N'Ngày của Mẹ')
INSERT dbo.SanPham(MaSP, TenSP, SoLuongTon, LoaiSP, MauSac, ChuDe) VALUES (N'SP00000005', N'Hoa mười giờ', 465, N'Bouquet', N'Chàm', N'Tết')
INSERT dbo.SanPham(MaSP, TenSP, SoLuongTon, LoaiSP, MauSac, ChuDe) VALUES (N'SP00000006', N'Hoa tigon', 887, N'Bouquet', N'Đỏ', N'Lễ Tình Yêu')
INSERT dbo.SanPham(MaSP, TenSP, SoLuongTon, LoaiSP, MauSac, ChuDe) VALUES (N'SP00000007', N'Hoa lan cẩm cù', 437, N'Bouquet', N'Vàng', N'Tết')
INSERT dbo.SanPham(MaSP, TenSP, SoLuongTon, LoaiSP, MauSac, ChuDe) VALUES (N'SP00000008', N'Lan hạc vỹ', 800, N'Bouquet', N'Chàm', N'Đám Cưới')
INSERT dbo.SanPham(MaSP, TenSP, SoLuongTon, LoaiSP, MauSac, ChuDe) VALUES (N'SP00000009', N'Hoa cẩm chướng', 757, N'Bouquet', N'Cam', N'Đám Cưới')
INSERT dbo.SanPham(MaSP, TenSP, SoLuongTon, LoaiSP, ChuDe) VALUES ('QT00000000', N'Bánh Kem', 590, N'Quà Tặng', N'Ngày Của Mẹ')
INSERT dbo.SanPham(MaSP, TenSP, SoLuongTon, LoaiSP, ChuDe) VALUES ('QT00000001', N'Búp Bê', 580, N'Quà Tặng', N'Đám Cưới')
INSERT dbo.SanPham(MaSP, TenSP, SoLuongTon, LoaiSP, ChuDe) VALUES ('QT00000002', N'Bánh Kem', 76, N'Quà Tặng', N'Kỷ Niệm Ngày Cưới')
INSERT dbo.SanPham(MaSP, TenSP, SoLuongTon, LoaiSP, ChuDe) VALUES ('QT00000003', N'Bánh Kem', 542, N'Quà Tặng', N'Đám Cưới')
INSERT dbo.SanPham(MaSP, TenSP, SoLuongTon, LoaiSP, ChuDe) VALUES ('QT00000004', N'Bánh Kem', 606, N'Quà Tặng', N'Đám Cưới')
INSERT dbo.SanPham(MaSP, TenSP, SoLuongTon, LoaiSP, ChuDe) VALUES ('QT00000005', N'Chocolate', 416, N'Quà Tặng', N'Kỷ Niệm Ngày Cưới')
INSERT dbo.SanPham(MaSP, TenSP, SoLuongTon, LoaiSP, ChuDe) VALUES ('QT00000006', N'Chocolate', 62, N'Quà Tặng', N'Kỷ Niệm Ngày Cưới')
INSERT dbo.SanPham(MaSP, TenSP, SoLuongTon, LoaiSP, ChuDe) VALUES ('QT00000007', N'Bánh Kem', 359, N'Quà Tặng', N'Ngày Của Mẹ')
INSERT dbo.SanPham(MaSP, TenSP, SoLuongTon, LoaiSP, ChuDe) VALUES ('QT00000008', N'Bánh Kem', 12, N'Quà Tặng', NULL)
INSERT dbo.SanPham(MaSP, TenSP, SoLuongTon, LoaiSP, ChuDe) VALUES ('QT00000009', N'Chocolate', 899, N'Quà Tặng', N'Kỷ Niệm Ngày Cưới')
GO

--
-- Inserting data into table dbo.TaiKhoan
--
INSERT dbo.TaiKhoan(TenTK, MatKhau, NguoiDung, VaiTro, TrangThai) VALUES (N'Kuro', '123', N'Trần Minh Sơn', N'Quản Trị Viên', 'Enabled')
INSERT dbo.TaiKhoan(TenTK, MatKhau, NguoiDung, VaiTro, TrangThai) VALUES (N'MeanSun', '123', N'Phạm Tân Tị', N'Quản Trị Viên', 'Enabled')
INSERT dbo.TaiKhoan(TenTK, MatKhau, NguoiDung, VaiTro, TrangThai) VALUES (N'LNTS', '123', N'Lê Nam Thái Sơn', N'Quản Trị Viên', 'Enabled')
INSERT dbo.TaiKhoan(TenTK, MatKhau, NguoiDung, VaiTro, TrangThai) VALUES (N'LQB', '123', N'Lâm Quốc Bình', N'Quản Trị Viên', 'Enabled')
INSERT dbo.TaiKhoan(TenTK, MatKhau, NguoiDung, VaiTro, TrangThai) VALUES (N'ILN', '123', N'Michael Johnson', N'Khách Hàng', 'Disabled')
INSERT dbo.TaiKhoan(TenTK, MatKhau, NguoiDung, VaiTro, TrangThai) VALUES (N'LPB', '123', N'Kina Abraham', N'Quản Lý', 'Disabled')
INSERT dbo.TaiKhoan(TenTK, MatKhau, NguoiDung, VaiTro, TrangThai) VALUES (N'WBU', '123', N'Alexis Laflamme', N'Nhân Viên', 'Disabled')
INSERT dbo.TaiKhoan(TenTK, MatKhau, NguoiDung, VaiTro, TrangThai) VALUES (N'IXW', '123', N'Julienne Baxley', N'Nhân Viên', 'Disabled')
INSERT dbo.TaiKhoan(TenTK, MatKhau, NguoiDung, VaiTro, TrangThai) VALUES (N'GJD', '123', N'Adolfo Bergeron', N'Khách Hàng', 'Disabled')
INSERT dbo.TaiKhoan(TenTK, MatKhau, NguoiDung, VaiTro, TrangThai) VALUES (N'OPR', '123', N'Garry Metzger', N'Quản Lý', 'Disabled')
INSERT dbo.TaiKhoan(TenTK, MatKhau, NguoiDung, VaiTro, TrangThai) VALUES (N'LGB', '123', N'Cathrine Southerland', N'Khách Hàng', 'Disabled')
INSERT dbo.TaiKhoan(TenTK, MatKhau, NguoiDung, VaiTro, TrangThai) VALUES (N'HFQ', '123', N'Emely Shull', N'Nhân Viên', 'Disabled')
INSERT dbo.TaiKhoan(TenTK, MatKhau, NguoiDung, VaiTro, TrangThai) VALUES (N'CHI', '123', N'Charlsie Alston', N'Khách Hàng', 'Disabled')
INSERT dbo.TaiKhoan(TenTK, MatKhau, NguoiDung, VaiTro, TrangThai) VALUES (N'YSI', '123', N'Yevette Vanwinkle', N'Quản Trị', 'Disabled')
INSERT dbo.TaiKhoan(TenTK, MatKhau, NguoiDung, VaiTro, TrangThai) VALUES (N'COY', '123', N'Roxy Julian', N'Nhân Viên', 'Enabled')
INSERT dbo.TaiKhoan(TenTK, MatKhau, NguoiDung, VaiTro, TrangThai) VALUES (N'SCZ', '123', N'Casey Pleasant', N'Nhân Viên', 'Enabled')
INSERT dbo.TaiKhoan(TenTK, MatKhau, NguoiDung, VaiTro, TrangThai) VALUES (N'HAJ', '123', N'Jefferey Abrams', N'Khách Hàng', 'Enabled')
INSERT dbo.TaiKhoan(TenTK, MatKhau, NguoiDung, VaiTro, TrangThai) VALUES (N'OPS', '123', N'Raymundo Bottoms', N'Khách Hàng', 'Enabled')
INSERT dbo.TaiKhoan(TenTK, MatKhau, NguoiDung, VaiTro, TrangThai) VALUES (N'ETK', '123', N'Sophia Driscoll', N'Khách Hàng', 'Enabled')
INSERT dbo.TaiKhoan(TenTK, MatKhau, NguoiDung, VaiTro, TrangThai) VALUES (N'TXJ', '123', N'Dave Browder', N'Khách Hàng', 'Enabled')
INSERT dbo.TaiKhoan(TenTK, MatKhau, NguoiDung, VaiTro, TrangThai) VALUES (N'UAU', '123', N'Randee Quinonez', N'Quản Trị', 'Enabled')
INSERT dbo.TaiKhoan(TenTK, MatKhau, NguoiDung, VaiTro, TrangThai) VALUES (N'NUP', '123', N'Terrell Fryer', N'Khách Hàng', 'Disabled')
INSERT dbo.TaiKhoan(TenTK, MatKhau, NguoiDung, VaiTro, TrangThai) VALUES (N'NQP', '123', N'Nicola Neil', N'Khách Hàng', 'Enabled')
INSERT dbo.TaiKhoan(TenTK, MatKhau, NguoiDung, VaiTro, TrangThai) VALUES (N'CME', '123', N'Earleen Sessions', N'Quản Lý', 'Disabled')
GO

--
-- Inserting data into table dbo.KhachHang
--
INSERT dbo.KhachHang(MaKH, TaiKhoan, Email, SDT, DiaChi) VALUES ('KH00000000', 'LGB', 'KoryBurton@nowhere.com', '0665263599', N'37, Lê Trực, Quận 12, TP. Hồ Chí Minh')
INSERT dbo.KhachHang(MaKH, TaiKhoan, Email, SDT, DiaChi) VALUES ('KH00000001', 'ETK', 'Anna.E.Ogle91@example.com', '0153298497', N'6B, Đường số 6, Thành Phố Thủ Đức, TP. Hồ Chí Minh')
INSERT dbo.KhachHang(MaKH, TaiKhoan, Email, SDT, DiaChi) VALUES ('KH00000002', 'TXJ', 'Grubbs395@example.com', '0735666142', N'6C, Nguyễn Công Trứ, Quận 10, TP. Hồ Chí Minh')
INSERT dbo.KhachHang(MaKH, TaiKhoan, Email, SDT, DiaChi) VALUES ('KH00000003', 'ILN', 'JakeNegron@example.com', '0441651655', N'64, Huỳnh Khương An, Thành Phố Thủ Đức, TP. Hồ Chí Minh')
INSERT dbo.KhachHang(MaKH, TaiKhoan, Email, SDT, DiaChi) VALUES ('KH00000004', 'NUP', 'KelvinPeyton281@nowhere.com', '0670548164', N'9A, Lê Tự Tài, Huyện Bình Chánh, TP. Hồ Chí Minh')
INSERT dbo.KhachHang(MaKH, TaiKhoan, Email, SDT, DiaChi) VALUES ('KH00000005', 'GJD', 'Amaral378@example.com', '0190551634', N'97, Nguyễn Hữu Cảnh, Huyện Cần Giờ, TP. Hồ Chí Minh')
INSERT dbo.KhachHang(MaKH, TaiKhoan, Email, SDT, DiaChi) VALUES ('KH00000006', 'CHI', 'LauraHawk736@example.com', '0347783893', N'9B, Thiên Hộ Dương, Quận 10, TP. Hồ Chí Minh')
INSERT dbo.KhachHang(MaKH, TaiKhoan, Email, SDT, DiaChi) VALUES ('KH00000007', 'NQP', 'AndrewKern@example.com', '0294753445', N'9B, Đường số 3, Quận 5, TP. Hồ Chí Minh')
INSERT dbo.KhachHang(MaKH, TaiKhoan, Email, SDT, DiaChi) VALUES ('KH00000008', 'OPS', 'Register@nowhere.com', '0361550180', N'48, Huỳnh Tịnh Của, Quận 6, TP. Hồ Chí Minh')
INSERT dbo.KhachHang(MaKH, TaiKhoan, Email, SDT, DiaChi) VALUES ('KH00000009', 'HAJ', 'AlfrediaVidal938@example.com', '0303985386', N'8B, Đường số 48, Huyện Cần Giờ, TP. Hồ Chí Minh')
GO

--
-- Inserting data into table dbo.NhanVien
--
INSERT dbo.NhanVien(MaNV, MucTieu, TaiKhoan) VALUES ('NV00000000', 42, 'SCZ')
INSERT dbo.NhanVien(MaNV, MucTieu, TaiKhoan) VALUES ('NV00000001', 41, 'IXW')
INSERT dbo.NhanVien(MaNV, MucTieu, TaiKhoan) VALUES ('NV00000002', 40, 'WBU')
INSERT dbo.NhanVien(MaNV, MucTieu, TaiKhoan) VALUES ('NV00000003', 42, 'HFQ')
INSERT dbo.NhanVien(MaNV, MucTieu, TaiKhoan) VALUES ('NV00000004', 44, 'OPR')
GO

--
-- Inserting data into table dbo.HoaDon
--
INSERT dbo.HoaDon(MaHD, NgayLap, TenNguoiNhan, DiaChiGiaoHang, LoiNhan, TrangThai, MaKH, NVGiaoHang, MaGiamGia) VALUES ('HD00000000', '2021-06-17', N'Catherina Overstreet', N'72, Đường số 10, Quận 7, TP. Hồ Chí Minh', N'Happy Marriage', N'Chưa Giao', 'KH00000002', 'NV00000002', 'MF460')
INSERT dbo.HoaDon(MaHD, NgayLap, TenNguoiNhan, DiaChiGiaoHang, LoiNhan, TrangThai, MaKH, NVGiaoHang, MaGiamGia) VALUES ('HD00000001', '2021-08-21', N'Stacey Mccune', N'6E, Võ Duy Ninh, Huyện Hóc Môn, TP. Hồ Chí Minh', N'Happy Marriage', N'Đang Giao', 'KH00000002', 'NV00000002', '9VLXN')
INSERT dbo.HoaDon(MaHD, NgayLap, TenNguoiNhan, DiaChiGiaoHang, LoiNhan, TrangThai, MaKH, NVGiaoHang, MaGiamGia) VALUES ('HD00000002', '2021-05-10', N'Abram Koontz', N'7E, Đường số 14, Quận Bình Tân, TP. Hồ Chí Minh', N'Merry Christmas', N'Đang Giao', 'KH00000002', 'NV00000004', '64H33')
INSERT dbo.HoaDon(MaHD, NgayLap, TenNguoiNhan, DiaChiGiaoHang, LoiNhan, TrangThai, MaKH, NVGiaoHang, MaGiamGia) VALUES ('HD00000003', '2021-04-15', N'Garth Stahl', N'9D, Hồng Bàng, Thành Phố Thủ Đức, TP. Hồ Chí Minh', N'Merry Christmas', N'Đã Giao', 'KH00000008', 'NV00000004', '7D9M2')
INSERT dbo.HoaDon(MaHD, NgayLap, TenNguoiNhan, DiaChiGiaoHang, LoiNhan, TrangThai, MaKH, NVGiaoHang, MaGiamGia) VALUES ('HD00000004', '2021-02-27', N'Adelaide Bridges', N'44, Đường số 2, Huyện Bình Chánh, TP. Hồ Chí Minh', N'Happy Marriage', N'Chưa Giao', 'KH00000007', 'NV00000002', 'Z99T9')
INSERT dbo.HoaDon(MaHD, NgayLap, TenNguoiNhan, DiaChiGiaoHang, LoiNhan, TrangThai, MaKH, NVGiaoHang, MaGiamGia) VALUES ('HD00000005', '2021-06-09', N'Onita Kurtz', N'87, Vũ Tùng, Quận 7, TP. Hồ Chí Minh', N'Merry Christmas', N'Đã Giao', 'KH00000007', 'NV00000000', '70089')
INSERT dbo.HoaDon(MaHD, NgayLap, TenNguoiNhan, DiaChiGiaoHang, LoiNhan, TrangThai, MaKH, NVGiaoHang, MaGiamGia) VALUES ('HD00000006', '2021-11-13', N'Letha Begley', N'8C, Nguyễn Khuyến, Quận 4, TP. Hồ Chí Minh', N'Happy Valentine', N'Chưa Giao', 'KH00000007', 'NV00000003', 'MF460')
INSERT dbo.HoaDon(MaHD, NgayLap, TenNguoiNhan, DiaChiGiaoHang, LoiNhan, TrangThai, MaKH, NVGiaoHang, MaGiamGia) VALUES ('HD00000007', '2021-02-14', N'Norberto Abreu', N'4C, Nguyễn Văn Đậu, Quận Tân Bình, TP. Hồ Chí Minh', N'Merry Christmas', N'Đang Giao', 'KH00000005', 'NV00000001', 'I80K6')
INSERT dbo.HoaDon(MaHD, NgayLap, TenNguoiNhan, DiaChiGiaoHang, LoiNhan, TrangThai, MaKH, NVGiaoHang, MaGiamGia) VALUES ('HD00000008', '2021-09-23', N'Holly Estrada', N'1A, Đường số 82, Quận 10, TP. Hồ Chí Minh', N'Happy New Year', N'Đã Giao', 'KH00000007', 'NV00000003', '15Z1K')
INSERT dbo.HoaDon(MaHD, NgayLap, TenNguoiNhan, DiaChiGiaoHang, LoiNhan, TrangThai, MaKH, NVGiaoHang, MaGiamGia) VALUES ('HD00000009', '2021-01-09', N'Alex Correia', N'2D, Cửu Long, Huyện Nhà Bè, TP. Hồ Chí Minh', N'Merry Christmas', N'Đã Giao', 'KH00000000', 'NV00000001', 'I80K6')
GO

--
-- Inserting data into table dbo.BangGiaSP
--
INSERT dbo.BangGiaSP(NgayApDung, MaSP, GiaNhap, GiaBan) VALUES ('2021-01-01', N'SP00000003', 7000, 44000)
INSERT dbo.BangGiaSP(NgayApDung, MaSP, GiaNhap, GiaBan) VALUES ('2021-01-04', N'SP00000006', 4000, 70000)
INSERT dbo.BangGiaSP(NgayApDung, MaSP, GiaNhap, GiaBan) VALUES ('2021-01-01', N'SP00000001', 2000, 49000)
INSERT dbo.BangGiaSP(NgayApDung, MaSP, GiaNhap, GiaBan) VALUES ('2021-01-02', N'SP00000004', 1000, 62000)
INSERT dbo.BangGiaSP(NgayApDung, MaSP, GiaNhap, GiaBan) VALUES ('2021-01-06', N'SP00000004', 5000, 74000)
INSERT dbo.BangGiaSP(NgayApDung, MaSP, GiaNhap, GiaBan) VALUES ('2021-01-05', N'SP00000002', 3000, 17000)
INSERT dbo.BangGiaSP(NgayApDung, MaSP, GiaNhap, GiaBan) VALUES ('2021-01-02', N'SP00000002', 8000, 20000)
INSERT dbo.BangGiaSP(NgayApDung, MaSP, GiaNhap, GiaBan) VALUES ('2021-01-01', N'SP00000000', 3000, 53000)
INSERT dbo.BangGiaSP(NgayApDung, MaSP, GiaNhap, GiaBan) VALUES ('2021-01-06', N'SP00000003', 7000, 69000)
INSERT dbo.BangGiaSP(NgayApDung, MaSP, GiaNhap, GiaBan) VALUES ('2021-01-04', N'SP00000005', 5000, 78000)
INSERT dbo.BangGiaSP(NgayApDung, MaSP, GiaNhap, GiaBan) VALUES ('2021-01-05', N'SP00000001', 2000, 44000)
INSERT dbo.BangGiaSP(NgayApDung, MaSP, GiaNhap, GiaBan) VALUES ('2021-01-02', N'SP00000003', 5000, 76000)
INSERT dbo.BangGiaSP(NgayApDung, MaSP, GiaNhap, GiaBan) VALUES ('2021-01-05', N'SP00000004', 7000, 66000)
INSERT dbo.BangGiaSP(NgayApDung, MaSP, GiaNhap, GiaBan) VALUES ('2021-01-06', N'SP00000005', 3000, 24000)
INSERT dbo.BangGiaSP(NgayApDung, MaSP, GiaNhap, GiaBan) VALUES ('2021-01-04', N'SP00000007', 5000, 50000)
INSERT dbo.BangGiaSP(NgayApDung, MaSP, GiaNhap, GiaBan) VALUES ('2021-01-03', N'SP00000006', 7000, 45000)
INSERT dbo.BangGiaSP(NgayApDung, MaSP, GiaNhap, GiaBan) VALUES ('2021-01-01', N'SP00000002', 9000, 84000)
INSERT dbo.BangGiaSP(NgayApDung, MaSP, GiaNhap, GiaBan) VALUES ('2021-01-03', N'SP00000004', 7000, 57000)
INSERT dbo.BangGiaSP(NgayApDung, MaSP, GiaNhap, GiaBan) VALUES ('2021-01-03', N'SP00000005', 3000, 59000)
INSERT dbo.BangGiaSP(NgayApDung, MaSP, GiaNhap, GiaBan) VALUES ('2021-01-05', N'SP00000003', 4000, 41000)
GO

--
-- Inserting data into table dbo.BangLuong
--
INSERT dbo.BangLuong(MaNV, NgayPhatLuong, Luong, Thuong) VALUES ('NV00000003', '2021-09-27', 18000000, 1000000)
INSERT dbo.BangLuong(MaNV, NgayPhatLuong, Luong, Thuong) VALUES ('NV00000001', '2021-03-27', 9000000, 1000000)
INSERT dbo.BangLuong(MaNV, NgayPhatLuong, Luong, Thuong) VALUES ('NV00000001', '2021-01-27', 59000000, 1000000)
INSERT dbo.BangLuong(MaNV, NgayPhatLuong, Luong, Thuong) VALUES ('NV00000004', '2021-09-27', 48000000, 1000000)
INSERT dbo.BangLuong(MaNV, NgayPhatLuong, Luong, Thuong) VALUES ('NV00000004', '2021-06-27', 15000000, 1000000)
INSERT dbo.BangLuong(MaNV, NgayPhatLuong, Luong, Thuong) VALUES ('NV00000002', '2021-03-27', 13000000, 1000000)
INSERT dbo.BangLuong(MaNV, NgayPhatLuong, Luong, Thuong) VALUES ('NV00000002', '2021-01-27', 24000000, 1000000)
INSERT dbo.BangLuong(MaNV, NgayPhatLuong, Luong, Thuong) VALUES ('NV00000000', '2021-05-27', 27000000, 1000000)
INSERT dbo.BangLuong(MaNV, NgayPhatLuong, Luong, Thuong) VALUES ('NV00000003', '2021-03-27', 26000000, 1000000)
INSERT dbo.BangLuong(MaNV, NgayPhatLuong, Luong, Thuong) VALUES ('NV00000000', '2021-02-27', 32000000, 1000000)
INSERT dbo.BangLuong(MaNV, NgayPhatLuong, Luong, Thuong) VALUES ('NV00000001', '2021-02-27', 42000000, 1000000)
INSERT dbo.BangLuong(MaNV, NgayPhatLuong, Luong, Thuong) VALUES ('NV00000003', '2021-07-27', 54000000, 1000000)
INSERT dbo.BangLuong(MaNV, NgayPhatLuong, Luong, Thuong) VALUES ('NV00000004', '2021-11-27', 21000000, 1000000)
INSERT dbo.BangLuong(MaNV, NgayPhatLuong, Luong, Thuong) VALUES ('NV00000000', '2021-03-27', 14000000, 1000000)
INSERT dbo.BangLuong(MaNV, NgayPhatLuong, Luong, Thuong) VALUES ('NV00000002', '2021-06-27', 38000000, 1000000)
INSERT dbo.BangLuong(MaNV, NgayPhatLuong, Luong, Thuong) VALUES ('NV00000001', '2021-07-27', 38000000, 1000000)
INSERT dbo.BangLuong(MaNV, NgayPhatLuong, Luong, Thuong) VALUES ('NV00000002', '2021-07-27', 25000000, 1000000)
INSERT dbo.BangLuong(MaNV, NgayPhatLuong, Luong, Thuong) VALUES ('NV00000004', '2021-07-27', 47000000, 1000000)
INSERT dbo.BangLuong(MaNV, NgayPhatLuong, Luong, Thuong) VALUES ('NV00000000', '2021-01-27', 6000000, 1000000)
INSERT dbo.BangLuong(MaNV, NgayPhatLuong, Luong, Thuong) VALUES ('NV00000003', '2021-06-27', 49000000, 1000000)
GO

--
-- Inserting data into table dbo.CT_NhapHang
--
INSERT dbo.CT_NhapHang(STT, MaDonNhap, MaSP, SoLuong) VALUES (1, N'DN00000008', 'SP00000002', 113)
INSERT dbo.CT_NhapHang(STT, MaDonNhap, MaSP, SoLuong) VALUES (1, N'DN00000001', 'SP00000006', 819)
INSERT dbo.CT_NhapHang(STT, MaDonNhap, MaSP, SoLuong) VALUES (1, N'DN00000006', 'SP00000000', 346)
INSERT dbo.CT_NhapHang(STT, MaDonNhap, MaSP, SoLuong) VALUES (1, N'DN00000004', 'SP00000008', 548)
INSERT dbo.CT_NhapHang(STT, MaDonNhap, MaSP, SoLuong) VALUES (1, N'DN00000009', 'SP00000007', 234)
INSERT dbo.CT_NhapHang(STT, MaDonNhap, MaSP, SoLuong) VALUES (1, N'DN00000007', 'SP00000002', 233)
INSERT dbo.CT_NhapHang(STT, MaDonNhap, MaSP, SoLuong) VALUES (1, N'DN00000002', 'QT00000003', 120)
INSERT dbo.CT_NhapHang(STT, MaDonNhap, MaSP, SoLuong) VALUES (1, N'DN00000000', 'SP00000004', 328)
INSERT dbo.CT_NhapHang(STT, MaDonNhap, MaSP, SoLuong) VALUES (1, N'DN00000003', 'SP00000001', 134)
INSERT dbo.CT_NhapHang(STT, MaDonNhap, MaSP, SoLuong) VALUES (1, N'DN00000005', 'QT00000000', 100)
INSERT dbo.CT_NhapHang(STT, MaDonNhap, MaSP, SoLuong) VALUES (2, N'DN00000001', 'SP00000000', 378)
INSERT dbo.CT_NhapHang(STT, MaDonNhap, MaSP, SoLuong) VALUES (2, N'DN00000008', 'SP00000002', 522)
INSERT dbo.CT_NhapHang(STT, MaDonNhap, MaSP, SoLuong) VALUES (2, N'DN00000009', 'SP00000005', 215)
INSERT dbo.CT_NhapHang(STT, MaDonNhap, MaSP, SoLuong) VALUES (2, N'DN00000005', 'QT00000008', 107)
INSERT dbo.CT_NhapHang(STT, MaDonNhap, MaSP, SoLuong) VALUES (2, N'DN00000007', 'SP00000001', 707)
INSERT dbo.CT_NhapHang(STT, MaDonNhap, MaSP, SoLuong) VALUES (2, N'DN00000006', 'SP00000006', 232)
INSERT dbo.CT_NhapHang(STT, MaDonNhap, MaSP, SoLuong) VALUES (2, N'DN00000002', 'QT00000008', 120)
INSERT dbo.CT_NhapHang(STT, MaDonNhap, MaSP, SoLuong) VALUES (2, N'DN00000004', 'SP00000005', 148)
INSERT dbo.CT_NhapHang(STT, MaDonNhap, MaSP, SoLuong) VALUES (2, N'DN00000000', 'SP00000004', 421)
INSERT dbo.CT_NhapHang(STT, MaDonNhap, MaSP, SoLuong) VALUES (2, N'DN00000003', 'SP00000006', 368)
GO

--
-- Inserting data into table dbo.NgayLamViec
--
INSERT dbo.NgayLamViec(MaNV, NgayLamViec) VALUES ('NV00000003', '2021-11-12')
INSERT dbo.NgayLamViec(MaNV, NgayLamViec) VALUES ('NV00000001', '2021-12-18')
INSERT dbo.NgayLamViec(MaNV, NgayLamViec) VALUES ('NV00000001', '2021-11-11')
INSERT dbo.NgayLamViec(MaNV, NgayLamViec) VALUES ('NV00000004', '2021-11-12')
INSERT dbo.NgayLamViec(MaNV, NgayLamViec) VALUES ('NV00000004', '2021-07-19')
INSERT dbo.NgayLamViec(MaNV, NgayLamViec) VALUES ('NV00000002', '2021-12-18')
INSERT dbo.NgayLamViec(MaNV, NgayLamViec) VALUES ('NV00000002', '2021-11-11')
INSERT dbo.NgayLamViec(MaNV, NgayLamViec) VALUES ('NV00000000', '2021-08-23')
INSERT dbo.NgayLamViec(MaNV, NgayLamViec) VALUES ('NV00000003', '2021-12-18')
INSERT dbo.NgayLamViec(MaNV, NgayLamViec) VALUES ('NV00000000', '2021-03-24')
INSERT dbo.NgayLamViec(MaNV, NgayLamViec) VALUES ('NV00000001', '2021-03-24')
INSERT dbo.NgayLamViec(MaNV, NgayLamViec) VALUES ('NV00000003', '2021-01-16')
INSERT dbo.NgayLamViec(MaNV, NgayLamViec) VALUES ('NV00000004', '2021-02-22')
INSERT dbo.NgayLamViec(MaNV, NgayLamViec) VALUES ('NV00000000', '2021-12-18')
INSERT dbo.NgayLamViec(MaNV, NgayLamViec) VALUES ('NV00000002', '2021-07-19')
INSERT dbo.NgayLamViec(MaNV, NgayLamViec) VALUES ('NV00000001', '2021-01-16')
INSERT dbo.NgayLamViec(MaNV, NgayLamViec) VALUES ('NV00000002', '2021-01-16')
INSERT dbo.NgayLamViec(MaNV, NgayLamViec) VALUES ('NV00000004', '2021-01-16')
INSERT dbo.NgayLamViec(MaNV, NgayLamViec) VALUES ('NV00000000', '2021-11-11')
INSERT dbo.NgayLamViec(MaNV, NgayLamViec) VALUES ('NV00000003', '2021-07-19')
GO

--
-- Enabling DML triggers for dbo.TaiKhoan
--
ENABLE TRIGGER ALL ON dbo.TaiKhoan
GO

--
-- Enabling DML triggers for dbo.NgayLamViec
--
ENABLE TRIGGER ALL ON dbo.NgayLamViec
GO

--
-- Set NOEXEC to off
--

SET NOEXEC OFF
GO